series_id,date,value
FEDFUNDS,1998-01-01,5.56
FEDFUNDS,1998-02-01,5.51
FEDFUNDS,1998-03-01,5.49
FEDFUNDS,1998-04-01,5.45
FEDFUNDS,1998-05-01,5.49
FEDFUNDS,1998-06-01,5.56
FEDFUNDS,1998-07-01,5.54
FEDFUNDS,1998-08-01,5.55
FEDFUNDS,1998-09-01,5.51
FEDFUNDS,1998-10-01,5.07
FEDFUNDS,1998-11-01,4.83
FEDFUNDS,1998-12-01,4.68
FEDFUNDS,1999-01-01,4.63
FEDFUNDS,1999-02-01,4.76
FEDFUNDS,1999-03-01,4.81
FEDFUNDS,1999-04-01,4.74
FEDFUNDS,1999-05-01,4.74
FEDFUNDS,1999-06-01,4.76
FEDFUNDS,1999-07-01,4.99
FEDFUNDS,1999-08-01,5.07
FEDFUNDS,1999-09-01,5.22
FEDFUNDS,1999-10-01,5.2
FEDFUNDS,1999-11-01,5.42
FEDFUNDS,1999-12-01,5.3
FEDFUNDS,2000-01-01,5.45
FEDFUNDS,2000-02-01,5.73
FEDFUNDS,2000-03-01,5.85
FEDFUNDS,2000-04-01,6.02
FEDFUNDS,2000-05-01,6.27
FEDFUNDS,2000-06-01,6.53
FEDFUNDS,2000-07-01,6.54
FEDFUNDS,2000-08-01,6.5
FEDFUNDS,2000-09-01,6.52
FEDFUNDS,2000-10-01,6.51
FEDFUNDS,2000-11-01,6.51
FEDFUNDS,2000-12-01,6.4
FEDFUNDS,2001-01-01,5.98
FEDFUNDS,2001-02-01,5.49
FEDFUNDS,2001-03-01,5.31
FEDFUNDS,2001-04-01,4.8
FEDFUNDS,2001-05-01,4.21
FEDFUNDS,2001-06-01,3.97
FEDFUNDS,2001-07-01,3.77
FEDFUNDS,2001-08-01,3.65
FEDFUNDS,2001-09-01,3.07
FEDFUNDS,2001-10-01,2.49
FEDFUNDS,2001-11-01,2.09
FEDFUNDS,2001-12-01,1.82
FEDFUNDS,2002-01-01,1.73
FEDFUNDS,2002-02-01,1.74
FEDFUNDS,2002-03-01,1.73
FEDFUNDS,2002-04-01,1.75
FEDFUNDS,2002-05-01,1.75
FEDFUNDS,2002-06-01,1.75
FEDFUNDS,2002-07-01,1.73
FEDFUNDS,2002-08-01,1.74
FEDFUNDS,2002-09-01,1.75
FEDFUNDS,2002-10-01,1.75
FEDFUNDS,2002-11-01,1.34
FEDFUNDS,2002-12-01,1.24
FEDFUNDS,2003-01-01,1.24
FEDFUNDS,2003-02-01,1.26
FEDFUNDS,2003-03-01,1.25
FEDFUNDS,2003-04-01,1.26
FEDFUNDS,2003-05-01,1.26
FEDFUNDS,2003-06-01,1.22
FEDFUNDS,2003-07-01,1.01
FEDFUNDS,2003-08-01,1.03
FEDFUNDS,2003-09-01,1.01
FEDFUNDS,2003-10-01,1.01
FEDFUNDS,2003-11-01,1.0
FEDFUNDS,2003-12-01,0.98
FEDFUNDS,2004-01-01,1.0
FEDFUNDS,2004-02-01,1.01
FEDFUNDS,2004-03-01,1.0
FEDFUNDS,2004-04-01,1.0
FEDFUNDS,2004-05-01,1.0
FEDFUNDS,2004-06-01,1.03
FEDFUNDS,2004-07-01,1.26
FEDFUNDS,2004-08-01,1.43
FEDFUNDS,2004-09-01,1.61
FEDFUNDS,2004-10-01,1.76
FEDFUNDS,2004-11-01,1.93
FEDFUNDS,2004-12-01,2.16
FEDFUNDS,2005-01-01,2.28
FEDFUNDS,2005-02-01,2.5
FEDFUNDS,2005-03-01,2.63
FEDFUNDS,2005-04-01,2.79
FEDFUNDS,2005-05-01,3.0
FEDFUNDS,2005-06-01,3.04
FEDFUNDS,2005-07-01,3.26
FEDFUNDS,2005-08-01,3.5
FEDFUNDS,2005-09-01,3.62
FEDFUNDS,2005-10-01,3.78
FEDFUNDS,2005-11-01,4.0
FEDFUNDS,2005-12-01,4.16
FEDFUNDS,2006-01-01,4.29
FEDFUNDS,2006-02-01,4.49
FEDFUNDS,2006-03-01,4.59
FEDFUNDS,2006-04-01,4.79
FEDFUNDS,2006-05-01,4.94
FEDFUNDS,2006-06-01,4.99
FEDFUNDS,2006-07-01,5.24
FEDFUNDS,2006-08-01,5.25
FEDFUNDS,2006-09-01,5.25
FEDFUNDS,2006-10-01,5.25
FEDFUNDS,2006-11-01,5.25
FEDFUNDS,2006-12-01,5.24
FEDFUNDS,2007-01-01,5.25
FEDFUNDS,2007-02-01,5.26
FEDFUNDS,2007-03-01,5.26
FEDFUNDS,2007-04-01,5.25
FEDFUNDS,2007-05-01,5.25
FEDFUNDS,2007-06-01,5.25
FEDFUNDS,2007-07-01,5.26
FEDFUNDS,2007-08-01,5.02
FEDFUNDS,2007-09-01,4.94
FEDFUNDS,2007-10-01,4.76
FEDFUNDS,2007-11-01,4.49
FEDFUNDS,2007-12-01,4.24
FEDFUNDS,2008-01-01,3.94
FEDFUNDS,2008-02-01,2.98
FEDFUNDS,2008-03-01,2.61
FEDFUNDS,2008-04-01,2.28
FEDFUNDS,2008-05-01,1.98
FEDFUNDS,2008-06-01,2.0
FEDFUNDS,2008-07-01,2.01
FEDFUNDS,2008-08-01,2.0
FEDFUNDS,2008-09-01,1.81
FEDFUNDS,2008-10-01,0.97
FEDFUNDS,2008-11-01,0.39
FEDFUNDS,2008-12-01,0.16
FEDFUNDS,2009-01-01,0.15
FEDFUNDS,2009-02-01,0.22
FEDFUNDS,2009-03-01,0.18
FEDFUNDS,2009-04-01,0.15
FEDFUNDS,2009-05-01,0.18
FEDFUNDS,2009-06-01,0.21
FEDFUNDS,2009-07-01,0.16
FEDFUNDS,2009-08-01,0.16
FEDFUNDS,2009-09-01,0.15
FEDFUNDS,2009-10-01,0.12
FEDFUNDS,2009-11-01,0.12
FEDFUNDS,2009-12-01,0.12
FEDFUNDS,2010-01-01,0.11
FEDFUNDS,2010-02-01,0.13
FEDFUNDS,2010-03-01,0.16
FEDFUNDS,2010-04-01,0.2
FEDFUNDS,2010-05-01,0.2
FEDFUNDS,2010-06-01,0.18
FEDFUNDS,2010-07-01,0.18
FEDFUNDS,2010-08-01,0.19
FEDFUNDS,2010-09-01,0.19
FEDFUNDS,2010-10-01,0.19
FEDFUNDS,2010-11-01,0.19
FEDFUNDS,2010-12-01,0.18
FEDFUNDS,2011-01-01,0.17
FEDFUNDS,2011-02-01,0.16
FEDFUNDS,2011-03-01,0.14
FEDFUNDS,2011-04-01,0.1
FEDFUNDS,2011-05-01,0.09
FEDFUNDS,2011-06-01,0.09
FEDFUNDS,2011-07-01,0.07
FEDFUNDS,2011-08-01,0.1
FEDFUNDS,2011-09-01,0.08
FEDFUNDS,2011-10-01,0.07
FEDFUNDS,2011-11-01,0.08
FEDFUNDS,2011-12-01,0.07
FEDFUNDS,2012-01-01,0.08
FEDFUNDS,2012-02-01,0.1
FEDFUNDS,2012-03-01,0.13
FEDFUNDS,2012-04-01,0.14
FEDFUNDS,2012-05-01,0.16
FEDFUNDS,2012-06-01,0.16
FEDFUNDS,2012-07-01,0.16
FEDFUNDS,2012-08-01,0.13
FEDFUNDS,2012-09-01,0.14
FEDFUNDS,2012-10-01,0.16
FEDFUNDS,2012-11-01,0.16
FEDFUNDS,2012-12-01,0.16
FEDFUNDS,2013-01-01,0.14
FEDFUNDS,2013-02-01,0.15
FEDFUNDS,2013-03-01,0.14
FEDFUNDS,2013-04-01,0.15
FEDFUNDS,2013-05-01,0.11
FEDFUNDS,2013-06-01,0.09
FEDFUNDS,2013-07-01,0.09
FEDFUNDS,2013-08-01,0.08
FEDFUNDS,2013-09-01,0.08
FEDFUNDS,2013-10-01,0.09
FEDFUNDS,2013-11-01,0.08
FEDFUNDS,2013-12-01,0.09
FEDFUNDS,2014-01-01,0.07
FEDFUNDS,2014-02-01,0.07
FEDFUNDS,2014-03-01,0.08
FEDFUNDS,2014-04-01,0.09
FEDFUNDS,2014-05-01,0.09
FEDFUNDS,2014-06-01,0.1
FEDFUNDS,2014-07-01,0.09
FEDFUNDS,2014-08-01,0.09
FEDFUNDS,2014-09-01,0.09
FEDFUNDS,2014-10-01,0.09
FEDFUNDS,2014-11-01,0.09
FEDFUNDS,2014-12-01,0.12
FEDFUNDS,2015-01-01,0.11
FEDFUNDS,2015-02-01,0.11
FEDFUNDS,2015-03-01,0.11
FEDFUNDS,2015-04-01,0.12
FEDFUNDS,2015-05-01,0.12
FEDFUNDS,2015-06-01,0.13
FEDFUNDS,2015-07-01,0.13
FEDFUNDS,2015-08-01,0.14
FEDFUNDS,2015-09-01,0.14
FEDFUNDS,2015-10-01,0.12
FEDFUNDS,2015-11-01,0.12
FEDFUNDS,2015-12-01,0.24
FEDFUNDS,2016-01-01,0.34
FEDFUNDS,2016-02-01,0.38
FEDFUNDS,2016-03-01,0.36
FEDFUNDS,2016-04-01,0.37
FEDFUNDS,2016-05-01,0.37
FEDFUNDS,2016-06-01,0.38
FEDFUNDS,2016-07-01,0.39
FEDFUNDS,2016-08-01,0.4
FEDFUNDS,2016-09-01,0.4
FEDFUNDS,2016-10-01,0.4
FEDFUNDS,2016-11-01,0.41
FEDFUNDS,2016-12-01,0.54
FEDFUNDS,2017-01-01,0.65
FEDFUNDS,2017-02-01,0.66
FEDFUNDS,2017-03-01,0.79
FEDFUNDS,2017-04-01,0.9
FEDFUNDS,2017-05-01,0.91
FEDFUNDS,2017-06-01,1.04
FEDFUNDS,2017-07-01,1.15
FEDFUNDS,2017-08-01,1.16
FEDFUNDS,2017-09-01,1.15
FEDFUNDS,2017-10-01,1.15
FEDFUNDS,2017-11-01,1.16
FEDFUNDS,2017-12-01,1.3
FEDFUNDS,2018-01-01,1.41
FEDFUNDS,2018-02-01,1.42
FEDFUNDS,2018-03-01,1.51
FEDFUNDS,2018-04-01,1.69
FEDFUNDS,2018-05-01,1.7
FEDFUNDS,2018-06-01,1.82
FEDFUNDS,2018-07-01,1.91
FEDFUNDS,2018-08-01,1.91
FEDFUNDS,2018-09-01,1.95
FEDFUNDS,2018-10-01,2.19
FEDFUNDS,2018-11-01,2.2
FEDFUNDS,2018-12-01,2.27
FEDFUNDS,2019-01-01,2.4
FEDFUNDS,2019-02-01,2.4
FEDFUNDS,2019-03-01,2.41
FEDFUNDS,2019-04-01,2.42
FEDFUNDS,2019-05-01,2.39
FEDFUNDS,2019-06-01,2.38
FEDFUNDS,2019-07-01,2.4
FEDFUNDS,2019-08-01,2.13
FEDFUNDS,2019-09-01,2.04
FEDFUNDS,2019-10-01,1.83
FEDFUNDS,2019-11-01,1.55
FEDFUNDS,2019-12-01,1.55
FEDFUNDS,2020-01-01,1.55
FEDFUNDS,2020-02-01,1.58
FEDFUNDS,2020-03-01,0.65
FEDFUNDS,2020-04-01,0.05
FEDFUNDS,2020-05-01,0.05
FEDFUNDS,2020-06-01,0.08
FEDFUNDS,2020-07-01,0.09
FEDFUNDS,2020-08-01,0.1
FEDFUNDS,2020-09-01,0.09
FEDFUNDS,2020-10-01,0.09
FEDFUNDS,2020-11-01,0.09
FEDFUNDS,2020-12-01,0.09
FEDFUNDS,2021-01-01,0.09
FEDFUNDS,2021-02-01,0.08
FEDFUNDS,2021-03-01,0.07
FEDFUNDS,2021-04-01,0.07
FEDFUNDS,2021-05-01,0.06
FEDFUNDS,2021-06-01,0.08
FEDFUNDS,2021-07-01,0.1
FEDFUNDS,2021-08-01,0.09
FEDFUNDS,2021-09-01,0.08
FEDFUNDS,2021-10-01,0.08
FEDFUNDS,2021-11-01,0.08
FEDFUNDS,2021-12-01,0.08
FEDFUNDS,2022-01-01,0.08
FEDFUNDS,2022-02-01,0.08
FEDFUNDS,2022-03-01,0.2
FEDFUNDS,2022-04-01,0.33
FEDFUNDS,2022-05-01,0.77
FEDFUNDS,2022-06-01,1.21
FEDFUNDS,2022-07-01,1.68
FEDFUNDS,2022-08-01,2.33
FEDFUNDS,2022-09-01,2.56
FEDFUNDS,2022-10-01,3.08
FEDFUNDS,2022-11-01,3.78
FEDFUNDS,2022-12-01,4.1
FEDFUNDS,2023-01-01,4.33
FEDFUNDS,2023-02-01,4.57
FEDFUNDS,2023-03-01,4.65
FEDFUNDS,2023-04-01,4.83
FEDFUNDS,2023-05-01,5.06
FEDFUNDS,2023-06-01,5.08
FEDFUNDS,2023-07-01,5.12
FEDFUNDS,2023-08-01,5.33
FEDFUNDS,2023-09-01,5.33
FEDFUNDS,2023-10-01,5.33
FEDFUNDS,2023-11-01,5.33
FEDFUNDS,2023-12-01,5.33
FEDFUNDS,2024-01-01,5.33
FEDFUNDS,2024-02-01,5.33
FEDFUNDS,2024-03-01,5.33
FEDFUNDS,2024-04-01,5.33
FEDFUNDS,2024-05-01,5.33
FEDFUNDS,2024-06-01,5.33
FEDFUNDS,2024-07-01,5.33
FEDFUNDS,2024-08-01,5.33
FEDFUNDS,2024-09-01,5.13
FEDFUNDS,2024-10-01,4.83
FEDFUNDS,2024-11-01,4.64
FEDFUNDS,2024-12-01,4.48
FEDFUNDS,2025-01-01,4.33
FEDFUNDS,2025-02-01,4.33
FEDFUNDS,2025-03-01,4.33
FEDFUNDS,2025-04-01,4.33
FEDFUNDS,2025-05-01,4.33
FEDFUNDS,2025-06-01,4.33
FEDFUNDS,2025-07-01,4.33
FEDFUNDS,2025-08-01,4.33
FEDFUNDS,2025-09-01,4.22
FEDFUNDS,2025-10-01,4.09
FEDFUNDS,2025-11-01,3.88
FEDFUNDS,2025-12-01,3.72
GS10,1998-01-01,5.54
GS10,1998-02-01,5.57
GS10,1998-03-01,5.65
GS10,1998-04-01,5.64
GS10,1998-05-01,5.65
GS10,1998-06-01,5.5
GS10,1998-07-01,5.46
GS10,1998-08-01,5.34
GS10,1998-09-01,4.81
GS10,1998-10-01,4.53
GS10,1998-11-01,4.83
GS10,1998-12-01,4.65
GS10,1999-01-01,4.72
GS10,1999-02-01,5.0
GS10,1999-03-01,5.23
GS10,1999-04-01,5.18
GS10,1999-05-01,5.54
GS10,1999-06-01,5.9
GS10,1999-07-01,5.79
GS10,1999-08-01,5.94
GS10,1999-09-01,5.92
GS10,1999-10-01,6.11
GS10,1999-11-01,6.03
GS10,1999-12-01,6.28
GS10,2000-01-01,6.66
GS10,2000-02-01,6.52
GS10,2000-03-01,6.26
GS10,2000-04-01,5.99
GS10,2000-05-01,6.44
GS10,2000-06-01,6.1
GS10,2000-07-01,6.05
GS10,2000-08-01,5.83
GS10,2000-09-01,5.8
GS10,2000-10-01,5.74
GS10,2000-11-01,5.72
GS10,2000-12-01,5.24
GS10,2001-01-01,5.16
GS10,2001-02-01,5.1
GS10,2001-03-01,4.89
GS10,2001-04-01,5.14
GS10,2001-05-01,5.39
GS10,2001-06-01,5.28
GS10,2001-07-01,5.24
GS10,2001-08-01,4.97
GS10,2001-09-01,4.73
GS10,2001-10-01,4.57
GS10,2001-11-01,4.65
GS10,2001-12-01,5.09
GS10,2002-01-01,5.04
GS10,2002-02-01,4.91
GS10,2002-03-01,5.28
GS10,2002-04-01,5.21
GS10,2002-05-01,5.16
GS10,2002-06-01,4.93
GS10,2002-07-01,4.65
GS10,2002-08-01,4.26
GS10,2002-09-01,3.87
GS10,2002-10-01,3.94
GS10,2002-11-01,4.05
GS10,2002-12-01,4.03
GS10,2003-01-01,4.05
GS10,2003-02-01,3.9
GS10,2003-03-01,3.81
GS10,2003-04-01,3.96
GS10,2003-05-01,3.57
GS10,2003-06-01,3.33
GS10,2003-07-01,3.98
GS10,2003-08-01,4.45
GS10,2003-09-01,4.27
GS10,2003-10-01,4.29
GS10,2003-11-01,4.3
GS10,2003-12-01,4.27
GS10,2004-01-01,4.15
GS10,2004-02-01,4.08
GS10,2004-03-01,3.83
GS10,2004-04-01,4.35
GS10,2004-05-01,4.72
GS10,2004-06-01,4.73
GS10,2004-07-01,4.5
GS10,2004-08-01,4.28
GS10,2004-09-01,4.13
GS10,2004-10-01,4.1
GS10,2004-11-01,4.19
GS10,2004-12-01,4.23
GS10,2005-01-01,4.22
GS10,2005-02-01,4.17
GS10,2005-03-01,4.5
GS10,2005-04-01,4.34
GS10,2005-05-01,4.14
GS10,2005-06-01,4.0
GS10,2005-07-01,4.18
GS10,2005-08-01,4.26
GS10,2005-09-01,4.2
GS10,2005-10-01,4.46
GS10,2005-11-01,4.54
GS10,2005-12-01,4.47
GS10,2006-01-01,4.42
GS10,2006-02-01,4.57
GS10,2006-03-01,4.72
GS10,2006-04-01,4.99
GS10,2006-05-01,5.11
GS10,2006-06-01,5.11
GS10,2006-07-01,5.09
GS10,2006-08-01,4.88
GS10,2006-09-01,4.72
GS10,2006-10-01,4.73
GS10,2006-11-01,4.6
GS10,2006-12-01,4.56
GS10,2007-01-01,4.76
GS10,2007-02-01,4.72
GS10,2007-03-01,4.56
GS10,2007-04-01,4.69
GS10,2007-05-01,4.75
GS10,2007-06-01,5.1
GS10,2007-07-01,5.0
GS10,2007-08-01,4.67
GS10,2007-09-01,4.52
GS10,2007-10-01,4.53
GS10,2007-11-01,4.15
GS10,2007-12-01,4.1
GS10,2008-01-01,3.74
GS10,2008-02-01,3.74
GS10,2008-03-01,3.51
GS10,2008-04-01,3.68
GS10,2008-05-01,3.88
GS10,2008-06-01,4.1
GS10,2008-07-01,4.01
GS10,2008-08-01,3.89
GS10,2008-09-01,3.69
GS10,2008-10-01,3.81
GS10,2008-11-01,3.53
GS10,2008-12-01,2.42
GS10,2009-01-01,2.52
GS10,2009-02-01,2.87
GS10,2009-03-01,2.82
GS10,2009-04-01,2.93
GS10,2009-05-01,3.29
GS10,2009-06-01,3.72
GS10,2009-07-01,3.56
GS10,2009-08-01,3.59
GS10,2009-09-01,3.4
GS10,2009-10-01,3.39
GS10,2009-11-01,3.4
GS10,2009-12-01,3.59
GS10,2010-01-01,3.73
GS10,2010-02-01,3.69
GS10,2010-03-01,3.73
GS10,2010-04-01,3.85
GS10,2010-05-01,3.42
GS10,2010-06-01,3.2
GS10,2010-07-01,3.01
GS10,2010-08-01,2.7
GS10,2010-09-01,2.65
GS10,2010-10-01,2.54
GS10,2010-11-01,2.76
GS10,2010-12-01,3.29
GS10,2011-01-01,3.39
GS10,2011-02-01,3.58
GS10,2011-03-01,3.41
GS10,2011-04-01,3.46
GS10,2011-05-01,3.17
GS10,2011-06-01,3.0
GS10,2011-07-01,3.0
GS10,2011-08-01,2.3
GS10,2011-09-01,1.98
GS10,2011-10-01,2.15
GS10,2011-11-01,2.01
GS10,2011-12-01,1.98
GS10,2012-01-01,1.97
GS10,2012-02-01,1.97
GS10,2012-03-01,2.17
GS10,2012-04-01,2.05
GS10,2012-05-01,1.8
GS10,2012-06-01,1.62
GS10,2012-07-01,1.53
GS10,2012-08-01,1.68
GS10,2012-09-01,1.72
GS10,2012-10-01,1.75
GS10,2012-11-01,1.65
GS10,2012-12-01,1.72
GS10,2013-01-01,1.91
GS10,2013-02-01,1.98
GS10,2013-03-01,1.96
GS10,2013-04-01,1.76
GS10,2013-05-01,1.93
GS10,2013-06-01,2.3
GS10,2013-07-01,2.58
GS10,2013-08-01,2.74
GS10,2013-09-01,2.81
GS10,2013-10-01,2.62
GS10,2013-11-01,2.72
GS10,2013-12-01,2.9
GS10,2014-01-01,2.86
GS10,2014-02-01,2.71
GS10,2014-03-01,2.72
GS10,2014-04-01,2.71
GS10,2014-05-01,2.56
GS10,2014-06-01,2.6
GS10,2014-07-01,2.54
GS10,2014-08-01,2.42
GS10,2014-09-01,2.53
GS10,2014-10-01,2.3
GS10,2014-11-01,2.33
GS10,2014-12-01,2.21
GS10,2015-01-01,1.88
GS10,2015-02-01,1.98
GS10,2015-03-01,2.04
GS10,2015-04-01,1.94
GS10,2015-05-01,2.2
GS10,2015-06-01,2.36
GS10,2015-07-01,2.32
GS10,2015-08-01,2.17
GS10,2015-09-01,2.17
GS10,2015-10-01,2.07
GS10,2015-11-01,2.26
GS10,2015-12-01,2.24
GS10,2016-01-01,2.09
GS10,2016-02-01,1.78
GS10,2016-03-01,1.89
GS10,2016-04-01,1.81
GS10,2016-05-01,1.81
GS10,2016-06-01,1.64
GS10,2016-07-01,1.5
GS10,2016-08-01,1.56
GS10,2016-09-01,1.63
GS10,2016-10-01,1.76
GS10,2016-11-01,2.14
GS10,2016-12-01,2.49
GS10,2017-01-01,2.43
GS10,2017-02-01,2.42
GS10,2017-03-01,2.48
GS10,2017-04-01,2.3
GS10,2017-05-01,2.3
GS10,2017-06-01,2.19
GS10,2017-07-01,2.32
GS10,2017-08-01,2.21
GS10,2017-09-01,2.2
GS10,2017-10-01,2.36
GS10,2017-11-01,2.35
GS10,2017-12-01,2.4
GS10,2018-01-01,2.58
GS10,2018-02-01,2.86
GS10,2018-03-01,2.84
GS10,2018-04-01,2.87
GS10,2018-05-01,2.98
GS10,2018-06-01,2.91
GS10,2018-07-01,2.89
GS10,2018-08-01,2.89
GS10,2018-09-01,3.0
GS10,2018-10-01,3.15
GS10,2018-11-01,3.12
GS10,2018-12-01,2.83
GS10,2019-01-01,2.71
GS10,2019-02-01,2.68
GS10,2019-03-01,2.57
GS10,2019-04-01,2.53
GS10,2019-05-01,2.4
GS10,2019-06-01,2.07
GS10,2019-07-01,2.06
GS10,2019-08-01,1.63
GS10,2019-09-01,1.7
GS10,2019-10-01,1.71
GS10,2019-11-01,1.81
GS10,2019-12-01,1.86
GS10,2020-01-01,1.76
GS10,2020-02-01,1.5
GS10,2020-03-01,0.87
GS10,2020-04-01,0.66
GS10,2020-05-01,0.67
GS10,2020-06-01,0.73
GS10,2020-07-01,0.62
GS10,2020-08-01,0.65
GS10,2020-09-01,0.68
GS10,2020-10-01,0.79
GS10,2020-11-01,0.87
GS10,2020-12-01,0.93
GS10,2021-01-01,1.08
GS10,2021-02-01,1.26
GS10,2021-03-01,1.61
GS10,2021-04-01,1.64
GS10,2021-05-01,1.62
GS10,2021-06-01,1.52
GS10,2021-07-01,1.32
GS10,2021-08-01,1.28
GS10,2021-09-01,1.37
GS10,2021-10-01,1.58
GS10,2021-11-01,1.56
GS10,2021-12-01,1.47
GS10,2022-01-01,1.76
GS10,2022-02-01,1.93
GS10,2022-03-01,2.13
GS10,2022-04-01,2.75
GS10,2022-05-01,2.9
GS10,2022-06-01,3.14
GS10,2022-07-01,2.9
GS10,2022-08-01,2.9
GS10,2022-09-01,3.52
GS10,2022-10-01,3.98
GS10,2022-11-01,3.89
GS10,2022-12-01,3.62
GS10,2023-01-01,3.53
GS10,2023-02-01,3.75
GS10,2023-03-01,3.66
GS10,2023-04-01,3.46
GS10,2023-05-01,3.57
GS10,2023-06-01,3.75
GS10,2023-07-01,3.9
GS10,2023-08-01,4.17
GS10,2023-09-01,4.38
GS10,2023-10-01,4.8
GS10,2023-11-01,4.5
GS10,2023-12-01,4.02
GS10,2024-01-01,4.06
GS10,2024-02-01,4.21
GS10,2024-03-01,4.21
GS10,2024-04-01,4.54
GS10,2024-05-01,4.48
GS10,2024-06-01,4.31
GS10,2024-07-01,4.25
GS10,2024-08-01,3.87
GS10,2024-09-01,3.72
GS10,2024-10-01,4.1
GS10,2024-11-01,4.36
GS10,2024-12-01,4.39
GS10,2025-01-01,4.63
GS10,2025-02-01,4.45
GS10,2025-03-01,4.28
GS10,2025-04-01,4.28
GS10,2025-05-01,4.42
GS10,2025-06-01,4.38
GS10,2025-07-01,4.39
GS10,2025-08-01,4.26
GS10,2025-09-01,4.12
GS10,2025-10-01,4.06
GS10,2025-11-01,4.09
GS10,2025-12-01,4.14
BAA,1998-01-01,7.19
BAA,1998-02-01,7.25
BAA,1998-03-01,7.32
BAA,1998-04-01,7.33
BAA,1998-05-01,7.3
BAA,1998-06-01,7.13
BAA,1998-07-01,7.15
BAA,1998-08-01,7.14
BAA,1998-09-01,7.09
BAA,1998-10-01,7.18
BAA,1998-11-01,7.34
BAA,1998-12-01,7.23
BAA,1999-01-01,7.29
BAA,1999-02-01,7.39
BAA,1999-03-01,7.53
BAA,1999-04-01,7.48
BAA,1999-05-01,7.72
BAA,1999-06-01,8.02
BAA,1999-07-01,7.95
BAA,1999-08-01,8.15
BAA,1999-09-01,8.2
BAA,1999-10-01,8.38
BAA,1999-11-01,8.15
BAA,1999-12-01,8.19
BAA,2000-01-01,8.33
BAA,2000-02-01,8.29
BAA,2000-03-01,8.37
BAA,2000-04-01,8.4
BAA,2000-05-01,8.9
BAA,2000-06-01,8.48
BAA,2000-07-01,8.35
BAA,2000-08-01,8.26
BAA,2000-09-01,8.35
BAA,2000-10-01,8.34
BAA,2000-11-01,8.28
BAA,2000-12-01,8.02
BAA,2001-01-01,7.93
BAA,2001-02-01,7.87
BAA,2001-03-01,7.84
BAA,2001-04-01,8.07
BAA,2001-05-01,8.07
BAA,2001-06-01,7.97
BAA,2001-07-01,7.97
BAA,2001-08-01,7.85
BAA,2001-09-01,8.03
BAA,2001-10-01,7.91
BAA,2001-11-01,7.81
BAA,2001-12-01,8.05
BAA,2002-01-01,7.87
BAA,2002-02-01,7.89
BAA,2002-03-01,8.11
BAA,2002-04-01,8.03
BAA,2002-05-01,8.09
BAA,2002-06-01,7.95
BAA,2002-07-01,7.9
BAA,2002-08-01,7.58
BAA,2002-09-01,7.4
BAA,2002-10-01,7.73
BAA,2002-11-01,7.62
BAA,2002-12-01,7.45
BAA,2003-01-01,7.35
BAA,2003-02-01,7.06
BAA,2003-03-01,6.95
BAA,2003-04-01,6.85
BAA,2003-05-01,6.38
BAA,2003-06-01,6.19
BAA,2003-07-01,6.62
BAA,2003-08-01,7.01
BAA,2003-09-01,6.79
BAA,2003-10-01,6.73
BAA,2003-11-01,6.66
BAA,2003-12-01,6.6
BAA,2004-01-01,6.44
BAA,2004-02-01,6.27
BAA,2004-03-01,6.11
BAA,2004-04-01,6.46
BAA,2004-05-01,6.75
BAA,2004-06-01,6.78
BAA,2004-07-01,6.62
BAA,2004-08-01,6.46
BAA,2004-09-01,6.27
BAA,2004-10-01,6.21
BAA,2004-11-01,6.2
BAA,2004-12-01,6.15
BAA,2005-01-01,6.02
BAA,2005-02-01,5.82
BAA,2005-03-01,6.06
BAA,2005-04-01,6.05
BAA,2005-05-01,6.01
BAA,2005-06-01,5.86
BAA,2005-07-01,5.95
BAA,2005-08-01,5.96
BAA,2005-09-01,6.03
BAA,2005-10-01,6.3
BAA,2005-11-01,6.39
BAA,2005-12-01,6.32
BAA,2006-01-01,6.24
BAA,2006-02-01,6.27
BAA,2006-03-01,6.41
BAA,2006-04-01,6.68
BAA,2006-05-01,6.75
BAA,2006-06-01,6.78
BAA,2006-07-01,6.76
BAA,2006-08-01,6.59
BAA,2006-09-01,6.43
BAA,2006-10-01,6.42
BAA,2006-11-01,6.2
BAA,2006-12-01,6.22
BAA,2007-01-01,6.34
BAA,2007-02-01,6.28
BAA,2007-03-01,6.27
BAA,2007-04-01,6.39
BAA,2007-05-01,6.39
BAA,2007-06-01,6.7
BAA,2007-07-01,6.65
BAA,2007-08-01,6.65
BAA,2007-09-01,6.59
BAA,2007-10-01,6.48
BAA,2007-11-01,6.4
BAA,2007-12-01,6.65
BAA,2008-01-01,6.54
BAA,2008-02-01,6.82
BAA,2008-03-01,6.89
BAA,2008-04-01,6.97
BAA,2008-05-01,6.93
BAA,2008-06-01,7.07
BAA,2008-07-01,7.16
BAA,2008-08-01,7.15
BAA,2008-09-01,7.31
BAA,2008-10-01,8.88
BAA,2008-11-01,9.21
BAA,2008-12-01,8.43
BAA,2009-01-01,8.14
BAA,2009-02-01,8.08
BAA,2009-03-01,8.42
BAA,2009-04-01,8.39
BAA,2009-05-01,8.06
BAA,2009-06-01,7.5
BAA,2009-07-01,7.09
BAA,2009-08-01,6.58
BAA,2009-09-01,6.31
BAA,2009-10-01,6.29
BAA,2009-11-01,6.32
BAA,2009-12-01,6.37
BAA,2010-01-01,6.25
BAA,2010-02-01,6.34
BAA,2010-03-01,6.27
BAA,2010-04-01,6.25
BAA,2010-05-01,6.05
BAA,2010-06-01,6.23
BAA,2010-07-01,6.01
BAA,2010-08-01,5.66
BAA,2010-09-01,5.66
BAA,2010-10-01,5.72
BAA,2010-11-01,5.92
BAA,2010-12-01,6.1
BAA,2011-01-01,6.09
BAA,2011-02-01,6.15
BAA,2011-03-01,6.03
BAA,2011-04-01,6.02
BAA,2011-05-01,5.78
BAA,2011-06-01,5.75
BAA,2011-07-01,5.76
BAA,2011-08-01,5.36
BAA,2011-09-01,5.27
BAA,2011-10-01,5.37
BAA,2011-11-01,5.14
BAA,2011-12-01,5.25
BAA,2012-01-01,5.23
BAA,2012-02-01,5.14
BAA,2012-03-01,5.23
BAA,2012-04-01,5.19
BAA,2012-05-01,5.07
BAA,2012-06-01,5.02
BAA,2012-07-01,4.87
BAA,2012-08-01,4.91
BAA,2012-09-01,4.84
BAA,2012-10-01,4.58
BAA,2012-11-01,4.51
BAA,2012-12-01,4.63
BAA,2013-01-01,4.73
BAA,2013-02-01,4.85
BAA,2013-03-01,4.85
BAA,2013-04-01,4.59
BAA,2013-05-01,4.73
BAA,2013-06-01,5.19
BAA,2013-07-01,5.32
BAA,2013-08-01,5.42
BAA,2013-09-01,5.47
BAA,2013-10-01,5.31
BAA,2013-11-01,5.38
BAA,2013-12-01,5.38
BAA,2014-01-01,5.19
BAA,2014-02-01,5.1
BAA,2014-03-01,5.06
BAA,2014-04-01,4.9
BAA,2014-05-01,4.76
BAA,2014-06-01,4.8
BAA,2014-07-01,4.73
BAA,2014-08-01,4.69
BAA,2014-09-01,4.8
BAA,2014-10-01,4.69
BAA,2014-11-01,4.79
BAA,2014-12-01,4.74
BAA,2015-01-01,4.45
BAA,2015-02-01,4.51
BAA,2015-03-01,4.54
BAA,2015-04-01,4.48
BAA,2015-05-01,4.89
BAA,2015-06-01,5.13
BAA,2015-07-01,5.2
BAA,2015-08-01,5.19
BAA,2015-09-01,5.34
BAA,2015-10-01,5.34
BAA,2015-11-01,5.46
BAA,2015-12-01,5.46
BAA,2016-01-01,5.45
BAA,2016-02-01,5.34
BAA,2016-03-01,5.13
BAA,2016-04-01,4.79
BAA,2016-05-01,4.68
BAA,2016-06-01,4.53
BAA,2016-07-01,4.22
BAA,2016-08-01,4.24
BAA,2016-09-01,4.31
BAA,2016-10-01,4.38
BAA,2016-11-01,4.71
BAA,2016-12-01,4.83
BAA,2017-01-01,4.66
BAA,2017-02-01,4.64
BAA,2017-03-01,4.68
BAA,2017-04-01,4.57
BAA,2017-05-01,4.55
BAA,2017-06-01,4.37
BAA,2017-07-01,4.39
BAA,2017-08-01,4.31
BAA,2017-09-01,4.3
BAA,2017-10-01,4.32
BAA,2017-11-01,4.27
BAA,2017-12-01,4.22
BAA,2018-01-01,4.26
BAA,2018-02-01,4.51
BAA,2018-03-01,4.64
BAA,2018-04-01,4.67
BAA,2018-05-01,4.83
BAA,2018-06-01,4.83
BAA,2018-07-01,4.79
BAA,2018-08-01,4.77
BAA,2018-09-01,4.88
BAA,2018-10-01,5.07
BAA,2018-11-01,5.22
BAA,2018-12-01,5.13
BAA,2019-01-01,5.12
BAA,2019-02-01,4.95
BAA,2019-03-01,4.84
BAA,2019-04-01,4.7
BAA,2019-05-01,4.63
BAA,2019-06-01,4.46
BAA,2019-07-01,4.28
BAA,2019-08-01,3.87
BAA,2019-09-01,3.91
BAA,2019-10-01,3.92
BAA,2019-11-01,3.94
BAA,2019-12-01,3.88
BAA,2020-01-01,3.77
BAA,2020-02-01,3.61
BAA,2020-03-01,4.29
BAA,2020-04-01,4.13
BAA,2020-05-01,3.95
BAA,2020-06-01,3.64
BAA,2020-07-01,3.31
BAA,2020-08-01,3.27
BAA,2020-09-01,3.36
BAA,2020-10-01,3.44
BAA,2020-11-01,3.3
BAA,2020-12-01,3.16
BAA,2021-01-01,3.24
BAA,2021-02-01,3.42
BAA,2021-03-01,3.74
BAA,2021-04-01,3.6
BAA,2021-05-01,3.62
BAA,2021-06-01,3.44
BAA,2021-07-01,3.24
BAA,2021-08-01,3.24
BAA,2021-09-01,3.23
BAA,2021-10-01,3.35
BAA,2021-11-01,3.28
BAA,2021-12-01,3.3
BAA,2022-01-01,3.58
BAA,2022-02-01,3.97
BAA,2022-03-01,4.29
BAA,2022-04-01,4.66
BAA,2022-05-01,5.12
BAA,2022-06-01,5.27
BAA,2022-07-01,5.21
BAA,2022-08-01,5.15
BAA,2022-09-01,5.69
BAA,2022-10-01,6.26
BAA,2022-11-01,6.07
BAA,2022-12-01,5.59
BAA,2023-01-01,5.5
BAA,2023-02-01,5.59
BAA,2023-03-01,5.71
BAA,2023-04-01,5.53
BAA,2023-05-01,5.77
BAA,2023-06-01,5.75
BAA,2023-07-01,5.74
BAA,2023-08-01,6.02
BAA,2023-09-01,6.16
BAA,2023-10-01,6.63
BAA,2023-11-01,6.29
BAA,2023-12-01,5.64
BAA,2024-01-01,5.68
BAA,2024-02-01,5.77
BAA,2024-03-01,5.75
BAA,2024-04-01,6.0
BAA,2024-05-01,5.95
BAA,2024-06-01,5.82
BAA,2024-07-01,5.84
BAA,2024-08-01,5.6
BAA,2024-09-01,5.42
BAA,2024-10-01,5.63
BAA,2024-11-01,5.78
BAA,2024-12-01,5.8
BAA,2025-01-01,6.08
BAA,2025-02-01,5.92
BAA,2025-03-01,5.93
BAA,2025-04-01,6.18
BAA,2025-05-01,6.29
BAA,2025-06-01,6.15
BAA,2025-07-01,6.1
BAA,2025-08-01,6.0
BAA,2025-09-01,5.83
BAA,2025-10-01,5.74
BAA,2025-11-01,5.86
BAA,2025-12-01,5.9
AAA,1998-01-01,6.61
AAA,1998-02-01,6.67
AAA,1998-03-01,6.72
AAA,1998-04-01,6.69
AAA,1998-05-01,6.69
AAA,1998-06-01,6.53
AAA,1998-07-01,6.55
AAA,1998-08-01,6.52
AAA,1998-09-01,6.4
AAA,1998-10-01,6.37
AAA,1998-11-01,6.41
AAA,1998-12-01,6.22
AAA,1999-01-01,6.24
AAA,1999-02-01,6.4
AAA,1999-03-01,6.62
AAA,1999-04-01,6.64
AAA,1999-05-01,6.93
AAA,1999-06-01,7.23
AAA,1999-07-01,7.19
AAA,1999-08-01,7.4
AAA,1999-09-01,7.39
AAA,1999-10-01,7.55
AAA,1999-11-01,7.36
AAA,1999-12-01,7.55
AAA,2000-01-01,7.78
AAA,2000-02-01,7.68
AAA,2000-03-01,7.68
AAA,2000-04-01,7.64
AAA,2000-05-01,7.99
AAA,2000-06-01,7.67
AAA,2000-07-01,7.65
AAA,2000-08-01,7.55
AAA,2000-09-01,7.62
AAA,2000-10-01,7.55
AAA,2000-11-01,7.45
AAA,2000-12-01,7.21
AAA,2001-01-01,7.15
AAA,2001-02-01,7.1
AAA,2001-03-01,6.98
AAA,2001-04-01,7.2
AAA,2001-05-01,7.29
AAA,2001-06-01,7.18
AAA,2001-07-01,7.13
AAA,2001-08-01,7.02
AAA,2001-09-01,7.17
AAA,2001-10-01,7.03
AAA,2001-11-01,6.97
AAA,2001-12-01,6.77
AAA,2002-01-01,6.55
AAA,2002-02-01,6.51
AAA,2002-03-01,6.81
AAA,2002-04-01,6.76
AAA,2002-05-01,6.75
AAA,2002-06-01,6.63
AAA,2002-07-01,6.53
AAA,2002-08-01,6.37
AAA,2002-09-01,6.15
AAA,2002-10-01,6.32
AAA,2002-11-01,6.31
AAA,2002-12-01,6.21
AAA,2003-01-01,6.17
AAA,2003-02-01,5.95
AAA,2003-03-01,5.89
AAA,2003-04-01,5.74
AAA,2003-05-01,5.22
AAA,2003-06-01,4.97
AAA,2003-07-01,5.49
AAA,2003-08-01,5.88
AAA,2003-09-01,5.72
AAA,2003-10-01,5.7
AAA,2003-11-01,5.65
AAA,2003-12-01,5.62
AAA,2004-01-01,5.54
AAA,2004-02-01,5.5
AAA,2004-03-01,5.33
AAA,2004-04-01,5.73
AAA,2004-05-01,6.04
AAA,2004-06-01,6.01
AAA,2004-07-01,5.82
AAA,2004-08-01,5.65
AAA,2004-09-01,5.46
AAA,2004-10-01,5.47
AAA,2004-11-01,5.52
AAA,2004-12-01,5.47
AAA,2005-01-01,5.36
AAA,2005-02-01,5.2
AAA,2005-03-01,5.4
AAA,2005-04-01,5.33
AAA,2005-05-01,5.15
AAA,2005-06-01,4.96
AAA,2005-07-01,5.06
AAA,2005-08-01,5.09
AAA,2005-09-01,5.13
AAA,2005-10-01,5.35
AAA,2005-11-01,5.42
AAA,2005-12-01,5.37
AAA,2006-01-01,5.29
AAA,2006-02-01,5.35
AAA,2006-03-01,5.53
AAA,2006-04-01,5.84
AAA,2006-05-01,5.95
AAA,2006-06-01,5.89
AAA,2006-07-01,5.85
AAA,2006-08-01,5.68
AAA,2006-09-01,5.51
AAA,2006-10-01,5.51
AAA,2006-11-01,5.33
AAA,2006-12-01,5.32
AAA,2007-01-01,5.4
AAA,2007-02-01,5.39
AAA,2007-03-01,5.3
AAA,2007-04-01,5.47
AAA,2007-05-01,5.47
AAA,2007-06-01,5.79
AAA,2007-07-01,5.73
AAA,2007-08-01,5.79
AAA,2007-09-01,5.74
AAA,2007-10-01,5.66
AAA,2007-11-01,5.44
AAA,2007-12-01,5.49
AAA,2008-01-01,5.33
AAA,2008-02-01,5.53
AAA,2008-03-01,5.51
AAA,2008-04-01,5.55
AAA,2008-05-01,5.57
AAA,2008-06-01,5.68
AAA,2008-07-01,5.67
AAA,2008-08-01,5.64
AAA,2008-09-01,5.65
AAA,2008-10-01,6.28
AAA,2008-11-01,6.12
AAA,2008-12-01,5.05
AAA,2009-01-01,5.05
AAA,2009-02-01,5.27
AAA,2009-03-01,5.5
AAA,2009-04-01,5.39
AAA,2009-05-01,5.54
AAA,2009-06-01,5.61
AAA,2009-07-01,5.41
AAA,2009-08-01,5.26
AAA,2009-09-01,5.13
AAA,2009-10-01,5.15
AAA,2009-11-01,5.19
AAA,2009-12-01,5.26
AAA,2010-01-01,5.26
AAA,2010-02-01,5.35
AAA,2010-03-01,5.27
AAA,2010-04-01,5.29
AAA,2010-05-01,4.96
AAA,2010-06-01,4.88
AAA,2010-07-01,4.72
AAA,2010-08-01,4.49
AAA,2010-09-01,4.53
AAA,2010-10-01,4.68
AAA,2010-11-01,4.87
AAA,2010-12-01,5.02
AAA,2011-01-01,5.04
AAA,2011-02-01,5.22
AAA,2011-03-01,5.13
AAA,2011-04-01,5.16
AAA,2011-05-01,4.96
AAA,2011-06-01,4.99
AAA,2011-07-01,4.93
AAA,2011-08-01,4.37
AAA,2011-09-01,4.09
AAA,2011-10-01,3.98
AAA,2011-11-01,3.87
AAA,2011-12-01,3.93
AAA,2012-01-01,3.85
AAA,2012-02-01,3.85
AAA,2012-03-01,3.99
AAA,2012-04-01,3.96
AAA,2012-05-01,3.8
AAA,2012-06-01,3.64
AAA,2012-07-01,3.4
AAA,2012-08-01,3.48
AAA,2012-09-01,3.49
AAA,2012-10-01,3.47
AAA,2012-11-01,3.5
AAA,2012-12-01,3.65
AAA,2013-01-01,3.8
AAA,2013-02-01,3.9
AAA,2013-03-01,3.93
AAA,2013-04-01,3.73
AAA,2013-05-01,3.89
AAA,2013-06-01,4.27
AAA,2013-07-01,4.34
AAA,2013-08-01,4.54
AAA,2013-09-01,4.64
AAA,2013-10-01,4.53
AAA,2013-11-01,4.63
AAA,2013-12-01,4.62
AAA,2014-01-01,4.49
AAA,2014-02-01,4.45
AAA,2014-03-01,4.38
AAA,2014-04-01,4.24
AAA,2014-05-01,4.16
AAA,2014-06-01,4.25
AAA,2014-07-01,4.16
AAA,2014-08-01,4.08
AAA,2014-09-01,4.11
AAA,2014-10-01,3.92
AAA,2014-11-01,3.92
AAA,2014-12-01,3.79
AAA,2015-01-01,3.46
AAA,2015-02-01,3.61
AAA,2015-03-01,3.64
AAA,2015-04-01,3.52
AAA,2015-05-01,3.98
AAA,2015-06-01,4.19
AAA,2015-07-01,4.15
AAA,2015-08-01,4.04
AAA,2015-09-01,4.07
AAA,2015-10-01,3.95
AAA,2015-11-01,4.06
AAA,2015-12-01,3.97
AAA,2016-01-01,4.0
AAA,2016-02-01,3.96
AAA,2016-03-01,3.82
AAA,2016-04-01,3.62
AAA,2016-05-01,3.65
AAA,2016-06-01,3.5
AAA,2016-07-01,3.28
AAA,2016-08-01,3.32
AAA,2016-09-01,3.41
AAA,2016-10-01,3.51
AAA,2016-11-01,3.86
AAA,2016-12-01,4.06
AAA,2017-01-01,3.92
AAA,2017-02-01,3.95
AAA,2017-03-01,4.01
AAA,2017-04-01,3.87
AAA,2017-05-01,3.85
AAA,2017-06-01,3.68
AAA,2017-07-01,3.7
AAA,2017-08-01,3.63
AAA,2017-09-01,3.63
AAA,2017-10-01,3.6
AAA,2017-11-01,3.57
AAA,2017-12-01,3.51
AAA,2018-01-01,3.55
AAA,2018-02-01,3.82
AAA,2018-03-01,3.87
AAA,2018-04-01,3.85
AAA,2018-05-01,4.0
AAA,2018-06-01,3.96
AAA,2018-07-01,3.87
AAA,2018-08-01,3.88
AAA,2018-09-01,3.98
AAA,2018-10-01,4.14
AAA,2018-11-01,4.22
AAA,2018-12-01,4.02
AAA,2019-01-01,3.93
AAA,2019-02-01,3.79
AAA,2019-03-01,3.77
AAA,2019-04-01,3.69
AAA,2019-05-01,3.67
AAA,2019-06-01,3.42
AAA,2019-07-01,3.29
AAA,2019-08-01,2.98
AAA,2019-09-01,3.03
AAA,2019-10-01,3.01
AAA,2019-11-01,3.06
AAA,2019-12-01,3.01
AAA,2020-01-01,2.94
AAA,2020-02-01,2.78
AAA,2020-03-01,3.02
AAA,2020-04-01,2.43
AAA,2020-05-01,2.5
AAA,2020-06-01,2.44
AAA,2020-07-01,2.14
AAA,2020-08-01,2.25
AAA,2020-09-01,2.31
AAA,2020-10-01,2.35
AAA,2020-11-01,2.3
AAA,2020-12-01,2.26
AAA,2021-01-01,2.45
AAA,2021-02-01,2.7
AAA,2021-03-01,3.04
AAA,2021-04-01,2.9
AAA,2021-05-01,2.96
AAA,2021-06-01,2.79
AAA,2021-07-01,2.57
AAA,2021-08-01,2.55
AAA,2021-09-01,2.53
AAA,2021-10-01,2.68
AAA,2021-11-01,2.62
AAA,2021-12-01,2.65
AAA,2022-01-01,2.93
AAA,2022-02-01,3.25
AAA,2022-03-01,3.43
AAA,2022-04-01,3.76
AAA,2022-05-01,4.13
AAA,2022-06-01,4.24
AAA,2022-07-01,4.06
AAA,2022-08-01,4.07
AAA,2022-09-01,4.59
AAA,2022-10-01,5.1
AAA,2022-11-01,4.9
AAA,2022-12-01,4.43
AAA,2023-01-01,4.4
AAA,2023-02-01,4.56
AAA,2023-03-01,4.6
AAA,2023-04-01,4.47
AAA,2023-05-01,4.67
AAA,2023-06-01,4.65
AAA,2023-07-01,4.66
AAA,2023-08-01,4.95
AAA,2023-09-01,5.13
AAA,2023-10-01,5.61
AAA,2023-11-01,5.28
AAA,2023-12-01,4.74
AAA,2024-01-01,4.87
AAA,2024-02-01,5.03
AAA,2024-03-01,5.01
AAA,2024-04-01,5.28
AAA,2024-05-01,5.25
AAA,2024-06-01,5.13
AAA,2024-07-01,5.12
AAA,2024-08-01,4.87
AAA,2024-09-01,4.68
AAA,2024-10-01,4.95
AAA,2024-11-01,5.14
AAA,2024-12-01,5.2
AAA,2025-01-01,5.46
AAA,2025-02-01,5.32
AAA,2025-03-01,5.29
AAA,2025-04-01,5.45
AAA,2025-05-01,5.54
AAA,2025-06-01,5.46
AAA,2025-07-01,5.45
AAA,2025-08-01,5.35
AAA,2025-09-01,5.21
AAA,2025-10-01,5.13
AAA,2025-11-01,5.26
AAA,2025-12-01,5.31
GDPC1,1997-01-01,12115.472
GDPC1,1997-04-01,12317.221
GDPC1,1997-07-01,12471.01
GDPC1,1997-10-01,12577.495
GDPC1,1998-01-01,12703.742
GDPC1,1998-04-01,12821.339
GDPC1,1998-07-01,12982.752
GDPC1,1998-10-01,13191.67
GDPC1,1999-01-01,13315.597
GDPC1,1999-04-01,13426.748
GDPC1,1999-07-01,13604.771
GDPC1,1999-10-01,13827.98
GDPC1,2000-01-01,13878.147
GDPC1,2000-04-01,14130.908
GDPC1,2000-07-01,14145.312
GDPC1,2000-10-01,14229.765
GDPC1,2001-01-01,14183.12
GDPC1,2001-04-01,14271.694
GDPC1,2001-07-01,14214.516
GDPC1,2001-10-01,14253.574
GDPC1,2002-01-01,14372.785
GDPC1,2002-04-01,14460.848
GDPC1,2002-07-01,14519.633
GDPC1,2002-10-01,14537.58
GDPC1,2003-01-01,14614.141
GDPC1,2003-04-01,14743.567
GDPC1,2003-07-01,14988.782
GDPC1,2003-10-01,15162.76
GDPC1,2004-01-01,15248.68
GDPC1,2004-04-01,15366.85
GDPC1,2004-07-01,15512.619
GDPC1,2004-10-01,15670.88
GDPC1,2005-01-01,15844.727
GDPC1,2005-04-01,15922.782
GDPC1,2005-07-01,16047.587
GDPC1,2005-10-01,16136.734
GDPC1,2006-01-01,16353.835
GDPC1,2006-04-01,16396.151
GDPC1,2006-07-01,16420.738
GDPC1,2006-10-01,16561.866
GDPC1,2007-01-01,16611.69
GDPC1,2007-04-01,16713.314
GDPC1,2007-07-01,16809.587
GDPC1,2007-10-01,16915.191
GDPC1,2008-01-01,16843.003
GDPC1,2008-04-01,16943.291
GDPC1,2008-07-01,16854.295
GDPC1,2008-10-01,16485.35
GDPC1,2009-01-01,16298.262
GDPC1,2009-04-01,16269.145
GDPC1,2009-07-01,16326.281
GDPC1,2009-10-01,16502.754
GDPC1,2010-01-01,16582.71
GDPC1,2010-04-01,16743.162
GDPC1,2010-07-01,16872.266
GDPC1,2010-10-01,16960.864
GDPC1,2011-01-01,16920.632
GDPC1,2011-04-01,17035.114
GDPC1,2011-07-01,17031.313
GDPC1,2011-10-01,17222.583
GDPC1,2012-01-01,17367.01
GDPC1,2012-04-01,17444.525
GDPC1,2012-07-01,17469.65
GDPC1,2012-10-01,17489.852
GDPC1,2013-01-01,17662.4
GDPC1,2013-04-01,17709.671
GDPC1,2013-07-01,17860.45
GDPC1,2013-10-01,18016.147
GDPC1,2014-01-01,17953.974
GDPC1,2014-04-01,18185.911
GDPC1,2014-07-01,18406.941
GDPC1,2014-10-01,18500.031
GDPC1,2015-01-01,18666.621
GDPC1,2015-04-01,18782.243
GDPC1,2015-07-01,18857.418
GDPC1,2015-10-01,18892.206
GDPC1,2016-01-01,19001.69
GDPC1,2016-04-01,19062.709
GDPC1,2016-07-01,19197.938
GDPC1,2016-10-01,19304.352
GDPC1,2017-01-01,19398.343
GDPC1,2017-04-01,19506.949
GDPC1,2017-07-01,19660.766
GDPC1,2017-10-01,19882.352
GDPC1,2018-01-01,20044.077
GDPC1,2018-04-01,20150.476
GDPC1,2018-07-01,20276.154
GDPC1,2018-10-01,20304.874
GDPC1,2019-01-01,20431.641
GDPC1,2019-04-01,20602.275
GDPC1,2019-07-01,20843.322
GDPC1,2019-10-01,20985.448
GDPC1,2020-01-01,20709.212
GDPC1,2020-04-01,19077.992
GDPC1,2020-07-01,20558.879
GDPC1,2020-10-01,20791.917
GDPC1,2021-01-01,21082.134
GDPC1,2021-04-01,21440.929
GDPC1,2021-07-01,21617.828
GDPC1,2021-10-01,21988.737
GDPC1,2022-01-01,21932.71
GDPC1,2022-04-01,21967.045
GDPC1,2022-07-01,22125.625
GDPC1,2022-10-01,22278.345
GDPC1,2023-01-01,22439.607
GDPC1,2023-04-01,22580.499
GDPC1,2023-07-01,22840.989
GDPC1,2023-10-01,23033.78
GDPC1,2024-01-01,23082.119
GDPC1,2024-04-01,23286.508
GDPC1,2024-07-01,23478.57
GDPC1,2024-10-01,23586.542
GDPC1,2025-01-01,23548.21
GDPC1,2025-04-01,23770.976
GDPC1,2025-07-01,24026.834
GDPC1,2025-10-01,24055.749
