original,canonical
Furn./Home Furnishings,Furn/Home Furnishings
Paper & Forest Products,Paper/Forest Products
Office Equip & Supplies,Office Equip/Supplies
Oilfield Services/Equip.,Oilfield Svcs/Equip.
Semiconductor Cap Eq,Semiconductor Equip
Semiconductor Cap Equip,Semiconductor Equip
Manuf. Housing/Rec Veh,Manuf. Housing/RV
Computer Software & Svcs,Computer Software/Svcs
Heavy Truck/Equip Makers,Heavy Truck & Equip
Natural Gas (Diversified,Natural Gas (Div.)
Natural Gas (Diversified),Natural Gas (Div.)
Publshing & Newspapers,Publishing & Newspapers
Retail Automotive,Retail (Automotive)
Retail Building Supply,Retail (Building Supply)
Auto Parts (OEM),Auto Parts
Auto Parts (Replacement),Auto Parts
Trucking/Transp. Leasing,Trucking
Gold/Silver Mining,Precious Metals
Computer & Peripherals,Computers/Peripherals
Healthcare Info Systems,Healthcare Information
Foreign Electron/Entertn,Foreign Electronics
Beverage (Soft Drink),Beverage (Soft)
Educational Services,Education
Railroad,Transportation (Railroads)
Restaurant,Restaurant/Dining
Tire & Rubber,Rubber& Tires
Metals & Mining (Div.),Metals & Mining
Environmental,Environmental & Waste Services
Newspaper,Publishing & Newspapers
Publishing,Publishing & Newspapers
