year,total_usd_tn,median_log_dev_from_neighbours,p10_log_dev,p90_log_dev
1999,13.727,,,
2000,14.371,-0.41,-0.758,-0.018
2001,26.493,0.454,0.239,0.819
2002,15.748,0.105,-0.537,0.273
2003,13.832,-0.615,-0.726,-0.334
2004,30.798,0.746,0.629,0.883
2005,15.837,-0.395,-0.556,-0.218
2006,18.266,0.056,-0.096,0.257
2007,19.792,0.302,0.029,0.637
2008,11.635,-0.509,-0.779,-0.208
2009,15.663,0.113,0.004,0.274
2010,17.275,0.08,-0.098,0.236
2011,17.144,-0.072,-0.251,0.1
2012,18.998,-0.009,-0.414,0.499
2013,18.018,-0.005,-0.534,0.327
2014,20.019,0.091,-0.043,0.312
2015,18.93,-0.066,-0.339,0.121
2016,20.107,-0.02,-0.203,0.16
2017,23.29,0.121,-0.041,0.294
2018,21.744,-0.163,-0.323,-0.015
2019,27.435,0.006,-0.226,0.189
2020,35.71,-0.001,-0.173,0.267
2021,44.033,0.194,0.003,0.418
2022,33.398,-0.168,-0.425,0.058
2023,40.567,0.022,-0.126,0.204
2024,49.601,0.02,-0.169,0.139
2025,57.954,,,
