,count,mean,std,min,25%,50%,75%,max
payout,1921.0,0.369,0.375,0.0,0.158,0.281,0.452,2.578
lev,2102.0,0.238,0.139,0.022,0.135,0.211,0.322,0.638
lev_unadj,2116.0,0.23,0.135,0.022,0.131,0.201,0.31,0.634
lev_book,2099.0,0.448,0.161,0.109,0.335,0.448,0.56,0.849
debt_ebitda,2087.0,2.519,1.496,0.434,1.487,2.256,3.134,8.966
roe,2087.0,0.136,0.123,-0.31,0.079,0.135,0.193,0.508
tax,2102.0,0.155,0.095,0.006,0.081,0.14,0.217,0.421
size,2116.0,11.838,1.334,7.461,10.939,11.893,12.803,15.877
tangibility,2116.0,0.506,0.289,0.013,0.256,0.506,0.756,1.0
gdp_growth,2116.0,2.304,1.73,-2.576,1.819,2.524,2.946,6.152
cred_spread,2116.0,0.999,0.31,0.646,0.765,0.927,1.099,1.982
high_rate,2116.0,0.331,0.471,0.0,0.0,0.0,1.0,1.0
ffr,2116.0,2.104,2.001,0.08,0.16,1.667,4.212,6.236
ffr_change,2116.0,-0.048,1.373,-3.092,-0.539,0.038,0.607,3.341
