,Baseline,Interaction,Continuous,H3,H3 (time-inv. tang.)
lev,0.299** (0.140),0.314** (0.145),0.308** (0.154),0.331 (0.220),0.188 (0.488)
roe,-1.591*** (0.206),-1.590*** (0.205),-1.591*** (0.205),-1.497*** (0.218),-1.581*** (0.203)
tax,-0.480*** (0.165),-0.482*** (0.167),-0.480*** (0.166),-0.490*** (0.180),-0.484*** (0.166)
size,0.005 (0.019),0.005 (0.018),0.005 (0.018),-0.005 (0.020),0.003 (0.018)
N,1894,1894,1894,1680,1886
R2_within,0.165,0.166,0.165,0.144,0.146
lev_x_high,,-0.041 (0.141),,0.204 (0.265),0.428 (0.400)
lev_x_ffr,,,-0.003 (0.033),,
tangibility,,,,-0.075*** (0.029),
lev_x_tang,,,,-0.108 (0.101),
high_x_tang,,,,0.065** (0.032),
lev_x_high_x_tang,,,,-0.174 (0.167),
lev_x_tangI,,,,,0.083 (0.371)
high_x_tangI,,,,,0.061 (0.067)
lev_x_high_x_tangI,,,,,-0.336 (0.302)
