dropped_type,dropped,coef,se,p,N,change
none (main),-,-1.182992,0.547595,0.030885,1879,0.0
industry,Advertising,-1.199451,0.557535,0.031591,1856,-0.016459
industry,Aerospace/Defense,-1.200298,0.551424,0.02964,1852,-0.017306
industry,Air Transport,-1.021544,0.586035,0.08149,1858,0.161449
industry,Apparel,-1.182947,0.548533,0.031181,1854,4.6e-05
industry,Auto & Truck,-1.3366,0.571805,0.019529,1857,-0.153608
industry,Auto Parts,-1.180952,0.544804,0.030324,1857,0.00204
industry,Automotive,-1.182997,0.54746,0.030843,1877,-5e-06
industry,Beverage,-1.182686,0.547682,0.030955,1872,0.000306
industry,Beverage (Alcoholic),-1.180142,0.547537,0.031274,1860,0.00285
industry,Beverage (Soft),-1.181171,0.548132,0.03131,1860,0.001821
industry,Biotechnology,-1.188298,0.550513,0.031027,1867,-0.005306
industry,Broadcasting,-1.23094,0.559855,0.028035,1869,-0.047948
industry,Building Materials,-1.175958,0.547073,0.031733,1857,0.007034
industry,Business & Consumer Services,-1.185726,0.547057,0.030339,1866,-0.002734
industry,Cable TV,-1.194692,0.551127,0.030319,1859,-0.011699
industry,Canadian Energy,-1.182952,0.551104,0.031973,1868,4e-05
industry,Cement & Aggregates,-1.18101,0.54759,0.031166,1872,0.001982
industry,Chemical (Basic),-1.22649,0.542399,0.023872,1856,-0.043498
industry,Chemical (Diversified),-1.190569,0.548058,0.029969,1856,-0.007576
industry,Chemical (Specialty),-1.18042,0.547612,0.031258,1853,0.002572
industry,Coal,-1.107003,0.549168,0.04398,1867,0.075989
industry,Coal & Related Energy,-1.221266,0.546661,0.02561,1874,-0.038273
industry,Computer Services,-1.185022,0.548561,0.030894,1866,-0.002029
industry,Computer Software,-1.181052,0.547408,0.031103,1876,0.00194
industry,Computer Software/Svcs,-1.203474,0.556972,0.030855,1867,-0.020482
industry,Computers/Peripherals,-1.127885,0.543372,0.038072,1854,0.055107
industry,Construction,-1.182992,0.547449,0.03084,1878,0.0
industry,Construction Supplies,-1.183148,0.547584,0.030861,1867,-0.000155
industry,Copper,-1.182992,0.547449,0.03084,1878,0.0
industry,Diversified,-1.18712,0.549388,0.03085,1866,-0.004128
industry,Diversified Co.,-1.197431,0.56212,0.033299,1865,-0.014439
industry,Drug,-1.186913,0.547922,0.030434,1865,-0.003921
industry,Drugs (Biotechnology),-1.185803,0.547547,0.030475,1875,-0.002811
industry,Drugs (Pharmaceutical),-1.18917,0.54901,0.030448,1867,-0.006178
industry,Drugstore,-1.182997,0.547708,0.030919,1877,-5e-06
industry,E-Commerce,-1.187807,0.550132,0.030979,1871,-0.004815
industry,Education,-1.192802,0.549327,0.030041,1854,-0.00981
industry,Electrical Equipment,-1.267104,0.558713,0.023462,1852,-0.084112
industry,Electronics,-1.186109,0.548811,0.030817,1867,-0.003116
industry,Electronics (Consumer & Office),-1.180378,0.547093,0.031103,1874,0.002614
industry,Electronics (General),-1.184099,0.548086,0.03088,1867,-0.001107
industry,Engineering,-1.182992,0.547449,0.03084,1878,0.0
industry,Engineering & Const,-1.182606,0.547412,0.030884,1876,0.000387
industry,Engineering/Construction,-1.186282,0.548276,0.03063,1867,-0.00329
industry,Entertainment,-1.183952,0.550481,0.031637,1856,-0.00096
industry,Entertainment Tech,-1.177005,0.548412,0.031997,1874,0.005987
industry,Environmental & Waste Services,-1.186886,0.549256,0.030844,1852,-0.003894
industry,Farming/Agriculture,-1.191059,0.547193,0.029643,1866,-0.008067
industry,Food Processing,-1.198431,0.549266,0.029257,1852,-0.015439
industry,Food Wholesalers,-1.173703,0.548922,0.032644,1857,0.00929
industry,Foreign Electronics,-1.195007,0.548482,0.029487,1869,-0.012014
industry,Foreign Telecom.,-1.186956,0.543016,0.028962,1875,-0.003963
industry,Funeral Services,-1.182847,0.547517,0.030882,1874,0.000145
industry,Furn/Home Furnishings,-1.164232,0.545285,0.032898,1853,0.01876
industry,Green & Renewable Energy,-0.947912,0.529844,0.073786,1875,0.23508
industry,Grocery,-1.196797,0.549638,0.029586,1869,-0.013805
industry,Healthcare Equipment,-1.182992,0.547449,0.03084,1878,0.0
industry,Healthcare Facilities,-1.182992,0.547449,0.03084,1878,0.0
industry,Healthcare Information,-1.183323,0.548274,0.031047,1867,-0.00033
industry,Healthcare Products,-1.186754,0.5486,0.030662,1866,-0.003762
industry,Healthcare Services,-1.182992,0.547449,0.03084,1878,0.0
industry,Healthcare Support Services,-1.179979,0.548432,0.031574,1867,0.003013
industry,Heathcare Information and Technology,-1.174805,0.548535,0.032359,1867,0.008187
industry,Heavy Construction,-1.18033,0.547717,0.031302,1875,0.002662
industry,Heavy Truck & Equip,-1.182968,0.547464,0.030848,1877,2.4e-05
industry,Home Appliance,-1.181931,0.547595,0.031036,1870,0.001061
industry,Homebuilding,-1.191433,0.585022,0.04185,1857,-0.008441
industry,Hospitals/Healthcare Facilities,-1.254273,0.558837,0.024933,1867,-0.07128
industry,Hotel/Gaming,-1.239249,0.565101,0.028446,1854,-0.056257
industry,Household Products,-1.172636,0.548273,0.032597,1852,0.010356
industry,Human Resources,-1.174906,0.551245,0.033202,1868,0.008086
industry,IT Services,-1.182987,0.54746,0.030845,1877,5e-06
industry,Industrial Services,-1.181896,0.54858,0.031344,1865,0.001096
industry,Information Services,-1.256322,0.549933,0.022466,1854,-0.07333
industry,Internet,-1.172505,0.553773,0.034379,1871,0.010487
industry,Internet software and services,-1.182992,0.547449,0.03084,1878,0.0
industry,Machinery,-1.186712,0.550952,0.031388,1852,-0.00372
industry,Manuf. Housing/RV,-1.189795,0.547717,0.029973,1871,-0.006802
industry,Maritime,-1.311877,0.564462,0.020237,1866,-0.128885
industry,Med Supp Invasive,-1.182992,0.54747,0.030847,1877,0.0
industry,Med Supp Non-Invasive,-1.182981,0.547467,0.030848,1877,1.1e-05
industry,Medical Services,-1.187667,0.550737,0.031185,1865,-0.004675
industry,Medical Supplies,-1.190308,0.548701,0.030197,1867,-0.007316
industry,Metal Fabricating,-1.182121,0.548496,0.031286,1865,0.000872
industry,Metals & Mining,-1.177364,0.557378,0.034806,1854,0.005629
industry,Natural Gas (Div.),-1.13515,0.554327,0.040734,1865,0.047842
industry,Office Equip/Supplies,-1.218997,0.559277,0.029425,1865,-0.036005
industry,Office Equipment & Services,-1.079373,0.527446,0.04087,1866,0.103619
industry,Oil/Gas (Integrated),-1.224265,0.547507,0.025477,1868,-0.041272
industry,Oil/Gas (Production and Exploration),-1.236942,0.553122,0.025462,1870,-0.05395
industry,Oil/Gas Distribution,-0.864482,0.473899,0.0683,1861,0.31851
industry,Oilfield Svcs/Equip.,-1.187927,0.552607,0.031723,1855,-0.004935
industry,Packaging & Container,-1.185528,0.549569,0.031132,1852,-0.002536
industry,Paper/Forest Products,-1.240967,0.553164,0.025001,1854,-0.057974
industry,Petroleum (Integrated),-1.18707,0.557098,0.033248,1865,-0.004078
industry,Petroleum (Producing),-1.191817,0.550433,0.030509,1866,-0.008825
industry,Pharma & Drugs,-1.182992,0.547449,0.03084,1878,0.0
industry,Pharmacy Services,-1.177168,0.547745,0.031766,1867,0.005824
industry,Pipeline MLPs,-1.182992,0.547449,0.03084,1878,0.0
industry,Precious Metals,-1.115846,0.555804,0.044842,1859,0.067146
industry,Precision Instrument,-1.177698,0.547832,0.031717,1866,0.005295
industry,Property Management,-1.172899,0.564612,0.037919,1873,0.010093
industry,Publishing & Newspapers,-1.209521,0.545478,0.026732,1857,-0.026529
industry,Recreation,-1.246909,0.53768,0.020511,1854,-0.063917
industry,Restaurant/Dining,-1.239493,0.549873,0.024315,1858,-0.056501
industry,Retail (Automotive),-1.184558,0.547757,0.030715,1857,-0.001566
industry,Retail (Building Supply),-1.2388,0.558527,0.02669,1855,-0.055808
industry,Retail (Distributors),-1.173041,0.547926,0.032426,1866,0.009951
industry,Retail (General),-1.214509,0.548012,0.02681,1866,-0.031517
industry,Retail (Grocery and Food),-1.197049,0.55912,0.03242,1866,-0.014057
industry,Retail (Hardlines),-1.18299,0.547468,0.030847,1877,2e-06
industry,Retail (Internet),-1.182992,0.547449,0.03084,1878,0.0
industry,Retail (Online),-1.177141,0.547363,0.031651,1870,0.005852
industry,Retail (Softlines),-1.183049,0.547487,0.030844,1877,-5.6e-05
industry,Retail (Special Lines),-1.176915,0.547403,0.031697,1855,0.006078
industry,Retail Store,-1.188175,0.549922,0.030864,1865,-0.005183
industry,Retail/Wholesale Food,-1.18276,0.547473,0.030881,1875,0.000232
industry,Rubber& Tires,-1.263747,0.545538,0.020649,1862,-0.080755
industry,Semiconductor,-1.195337,0.5495,0.029745,1853,-0.012345
industry,Semiconductor Equip,-1.203793,0.551261,0.029121,1856,-0.0208
industry,Shipbuilding & Marine,-1.156269,0.547222,0.034748,1869,0.026723
industry,Shoe,-1.197736,0.550413,0.029689,1852,-0.014744
industry,Software (Entertainment),-1.158079,0.548997,0.035053,1867,0.024914
industry,Software (Internet),-1.175895,0.546677,0.031618,1873,0.007097
industry,Software (System & Application),-1.17371,0.548334,0.032457,1867,0.009282
industry,Steel,-1.189704,0.547547,0.029934,1869,-0.006712
industry,Steel (General),-1.172659,0.549526,0.03299,1869,0.010334
industry,Steel (Integrated),-1.143858,0.561788,0.041895,1868,0.039134
industry,Telecom (Wireless),-1.192611,0.544771,0.028718,1870,-0.009618
industry,Telecom. Equipment,-1.118123,0.551902,0.042928,1854,0.06487
industry,Telecom. Services,-1.130707,0.555589,0.041992,1853,0.052285
industry,Textile,-1.183139,0.547631,0.030875,1876,-0.000147
industry,Tobacco,-1.181446,0.547321,0.031022,1864,0.001546
industry,Toiletries/Cosmetics,-1.177675,0.548056,0.03179,1865,0.005317
industry,Transportation,-1.186124,0.548597,0.03075,1866,-0.003132
industry,Transportation (Railroads),-1.210786,0.555035,0.029288,1852,-0.027794
industry,Trucking,-1.103784,0.545859,0.043324,1856,0.079208
industry,Wireless Networking,-1.182506,0.547766,0.031007,1872,0.000486
high-rate episode,1999-2001,-1.484035,0.738885,0.044771,1674,-0.301043
high-rate episode,2005-2007,-1.377065,0.713179,0.053688,1649,-0.194073
high-rate episode,2023-2025,-0.628347,0.407622,0.123405,1688,0.554645
year,1999,-1.25494,0.570069,0.027847,1819,-0.071948
year,2000,-1.264882,0.586756,0.031251,1808,-0.081889
year,2001,-1.218435,0.599549,0.04229,1805,-0.035443
year,2002,-1.200729,0.555031,0.030658,1814,-0.017737
year,2003,-1.150183,0.57544,0.045796,1811,0.032809
year,2004,-1.17802,0.578882,0.042013,1808,0.004973
year,2005,-1.174473,0.563125,0.037167,1801,0.008519
year,2006,-1.213309,0.571194,0.033806,1804,-0.030317
year,2007,-1.35228,0.61296,0.027513,1802,-0.169288
year,2008,-1.214841,0.585519,0.038161,1802,-0.031849
year,2009,-1.058817,0.545476,0.052419,1809,0.124175
year,2010,-1.199169,0.561797,0.032948,1813,-0.016177
year,2011,-1.206735,0.550456,0.028503,1802,-0.023743
year,2012,-1.195303,0.556351,0.031823,1805,-0.012311
year,2013,-1.123038,0.564567,0.046844,1807,0.059954
year,2014,-1.17367,0.575741,0.041657,1807,0.009322
year,2015,-1.169315,0.551357,0.034089,1810,0.013678
year,2016,-1.18857,0.531756,0.025539,1814,-0.005578
year,2017,-1.130253,0.496656,0.022991,1808,0.052739
year,2018,-1.192353,0.555068,0.031851,1806,-0.009361
year,2019,-1.207943,0.54741,0.027477,1809,-0.024951
year,2020,-1.225251,0.550811,0.026253,1828,-0.042259
year,2021,-1.209661,0.541463,0.025614,1809,-0.026669
year,2022,-1.257779,0.559393,0.024679,1807,-0.074787
year,2023,-0.715357,0.487331,0.142321,1816,0.467635
year,2024,-1.15716,0.493564,0.019171,1814,0.025833
year,2025,-1.243736,0.539183,0.021195,1816,-0.060743
