year,payout,lev,lev_unadj,lev_book,debt_ebitda,roe,tax,capex_deprec,ppe_assets,capex_assets,div_to_fcfe,div_yield
1999,0.247,0.162,0.179,0.456,1.509,0.134,0.376,1.385,0.328,0.103,0.516,0.01
2000,0.182,0.206,0.206,0.46,2.217,0.143,0.259,1.218,0.442,0.089,0.462,0.011
2001,0.122,0.213,0.211,0.442,1.474,0.123,0.244,1.191,0.406,0.079,0.148,0.005
2002,0.159,0.241,0.232,0.433,1.641,0.085,0.209,0.982,0.402,0.072,0.182,0.006
2003,0.291,0.195,0.195,0.43,2.296,0.106,0.225,0.954,0.404,0.066,0.258,0.009
2004,0.17,0.156,0.156,0.41,1.518,0.104,0.203,0.913,0.375,0.058,0.212,0.004
2005,0.261,0.161,0.161,0.374,1.872,0.135,0.192,1.002,0.365,0.059,0.267,0.01
2006,0.247,0.153,0.153,0.385,1.759,0.151,0.189,1.089,0.355,0.063,0.304,0.01
2007,0.234,0.149,0.149,0.38,1.777,0.156,0.186,1.212,0.351,0.071,0.148,0.012
2008,0.229,0.268,0.267,0.39,1.438,0.156,0.201,1.238,0.35,0.073,0.262,0.022
2009,0.253,0.208,0.208,0.433,1.465,0.144,0.174,1.161,0.379,0.068,0.354,0.014
2010,0.327,0.186,0.186,0.405,2.157,0.108,0.169,0.905,0.368,0.052,0.354,0.013
2011,0.291,0.198,0.198,0.396,1.73,0.137,0.191,0.982,0.317,0.055,0.298,0.017
2012,0.265,0.197,0.197,0.407,1.781,0.144,0.185,1.13,0.337,0.062,0.307,0.016
2013,0.328,0.228,0.203,0.42,2.671,0.16,0.106,4.651,0.296,0.039,0.713,0.014
2014,0.287,0.228,0.193,0.435,2.385,0.16,0.113,3.783,0.292,0.042,0.691,0.015
2015,0.356,0.267,0.226,0.484,2.597,0.14,0.114,3.899,0.264,0.04,0.838,0.018
2016,0.304,0.253,0.216,0.508,2.807,0.142,0.106,1.154,0.195,0.037,0.452,0.016
2017,0.372,0.236,0.204,0.48,2.842,0.148,0.097,1.079,0.199,0.035,0.503,0.014
2018,0.307,0.268,0.245,0.483,2.739,0.169,0.072,1.103,0.212,0.038,0.391,0.018
2019,0.355,0.282,0.25,0.542,3.258,0.132,0.076,1.169,0.248,0.037,0.505,0.016
2020,0.27,0.244,0.241,0.543,3.227,0.085,0.057,0.988,0.235,0.029,0.423,0.013
2021,0.28,0.207,0.2,0.513,2.638,0.162,0.078,1.039,0.206,0.029,0.384,0.011
2022,0.326,0.226,0.227,0.505,2.649,0.171,0.089,1.247,0.219,0.035,0.496,0.015
2023,0.304,0.211,0.209,0.493,2.822,0.144,0.087,1.366,0.221,0.037,0.517,0.014
2024,0.327,0.188,0.189,0.484,2.748,0.128,0.091,1.248,0.233,0.037,0.431,0.014
2025,0.354,0.196,0.193,0.508,2.825,0.129,0.092,1.198,0.236,0.033,0.462,0.013
