specification,coef,se,N,ci95,mde80,tost_margin,ci95_bound_payout,mde80_payout,tost_margin_payout,ci95_bound_payout_within,equivalent_at_margin
Main (two-way FE),-0.0406,0.1411,1894,"[-0.317, +0.236]",0.3953,0.2727,0.0441,0.0549,0.0379,0.0241,True
Stable core,-0.0887,0.1759,1089,"[-0.433, +0.256]",0.4928,0.378,0.0603,0.0685,0.0525,0.0329,False
Regime = post-2022,-0.1658,0.2647,1894,"[-0.685, +0.353]",0.7416,0.6012,0.0952,0.1031,0.0836,0.052,False
Two-way clustered SE,-0.0406,0.1374,1894,"[-0.310, +0.229]",0.3849,0.2666,0.0431,0.0535,0.0371,0.0236,True
Excl. 2020-21,-0.0684,0.1491,1771,"[-0.361, +0.224]",0.4177,0.3136,0.0501,0.0581,0.0436,0.0274,True
Lagged leverage,-0.0431,0.1604,1764,"[-0.357, +0.271]",0.4494,0.3069,0.0497,0.0625,0.0427,0.0272,True
Industry FE + macro controls,-0.1444,0.1564,1894,"[-0.451, +0.162]",0.4382,0.4017,0.0627,0.0609,0.0558,0.0343,False
Without ROE,-0.0919,0.1548,1908,"[-0.395, +0.212]",0.4337,0.3465,0.0549,0.0603,0.0482,0.03,True
Backward elimination,-0.0424,0.1429,1894,"[-0.322, +0.238]",0.4003,0.2774,0.0448,0.0556,0.0386,0.0245,True
Payout incl. non-positive earnings,-0.0184,0.1379,2004,"[-0.289, +0.252]",0.3863,0.2452,0.0401,0.0537,0.0341,0.0219,True
Driscoll-Kraay SE,-0.0406,0.1419,1894,"[-0.319, +0.238]",0.3975,0.274,0.0443,0.0553,0.0381,0.0242,True
First differences,-0.06,0.1328,1640,"[-0.320, +0.200]",0.3721,0.2784,0.0445,0.0517,0.0387,0.0243,True
Weighted by number of firms,-0.033,0.1472,1894,"[-0.322, +0.256]",0.4124,0.2751,0.0447,0.0573,0.0382,0.0244,True
