file,year,share_same_count,rows_set_missing,treated_as
wacc,1999,0.811,18,aligned
wacc,2000,1.0,0,aligned
wacc,2001,1.0,0,aligned
wacc,2002,1.0,0,aligned
wacc,2003,1.0,0,aligned
wacc,2004,1.0,0,aligned
wacc,2005,1.0,0,aligned
wacc,2006,1.0,0,aligned
wacc,2007,1.0,0,aligned
wacc,2008,1.0,0,aligned
wacc,2009,1.0,0,aligned
wacc,2010,1.0,0,aligned
wacc,2011,1.0,0,aligned
wacc,2012,1.0,0,aligned
wacc,2013,1.0,0,aligned
wacc,2014,1.0,0,aligned
wacc,2015,1.0,0,aligned
wacc,2016,1.0,0,aligned
wacc,2017,1.0,0,aligned
wacc,2018,1.0,0,aligned
wacc,2019,1.0,0,aligned
wacc,2020,1.0,0,aligned
wacc,2021,1.0,0,aligned
wacc,2022,1.0,0,aligned
wacc,2023,1.0,0,aligned
wacc,2024,1.0,0,aligned
wacc,2025,1.0,0,aligned
divfcfe,1999,1.0,0,aligned
divfcfe,2000,0.202,0,other vintage (kept)
divfcfe,2001,1.0,0,aligned
divfcfe,2002,1.0,0,aligned
divfcfe,2003,1.0,0,aligned
divfcfe,2004,1.0,0,aligned
divfcfe,2005,1.0,0,aligned
divfcfe,2006,1.0,0,aligned
divfcfe,2008,1.0,0,aligned
divfcfe,2009,1.0,0,aligned
divfcfe,2010,1.0,0,aligned
divfcfe,2011,1.0,0,aligned
divfcfe,2012,1.0,0,aligned
divfcfe,2013,1.0,0,aligned
divfcfe,2014,1.0,0,aligned
divfcfe,2015,1.0,0,aligned
divfcfe,2016,1.0,0,aligned
divfcfe,2017,1.0,0,aligned
divfcfe,2018,1.0,0,aligned
divfcfe,2019,1.0,0,aligned
divfcfe,2020,1.0,0,aligned
divfcfe,2021,1.0,0,aligned
divfcfe,2022,1.0,0,aligned
divfcfe,2023,1.0,0,aligned
divfcfe,2024,1.0,0,aligned
divfcfe,2025,1.0,0,aligned
capex,1999,1.0,0,aligned
capex,2000,1.0,0,aligned
capex,2001,1.0,0,aligned
capex,2002,1.0,0,aligned
capex,2003,1.0,0,aligned
capex,2004,1.0,0,aligned
capex,2005,1.0,0,aligned
capex,2006,1.0,0,aligned
capex,2007,1.0,0,aligned
capex,2008,1.0,0,aligned
capex,2009,1.0,0,aligned
capex,2010,1.0,0,aligned
capex,2011,1.0,0,aligned
capex,2012,1.0,0,aligned
capex,2013,1.0,0,aligned
capex,2014,1.0,0,aligned
capex,2015,1.0,0,aligned
capex,2016,1.0,0,aligned
capex,2017,1.0,0,aligned
capex,2018,1.0,0,aligned
capex,2019,1.0,0,aligned
capex,2020,1.0,0,aligned
capex,2021,1.0,0,aligned
capex,2022,1.0,0,aligned
capex,2023,1.0,0,aligned
capex,2024,1.0,0,aligned
capex,2025,1.0,0,aligned
dbtfund,1999,1.0,0,aligned
dbtfund,2000,1.0,0,aligned
dbtfund,2001,1.0,0,aligned
dbtfund,2002,1.0,0,aligned
dbtfund,2003,1.0,0,aligned
dbtfund,2004,1.0,0,aligned
dbtfund,2005,1.0,0,aligned
dbtfund,2006,1.0,0,aligned
dbtfund,2007,1.0,0,aligned
dbtfund,2008,0.01,0,other vintage (kept)
dbtfund,2009,1.0,0,aligned
dbtfund,2010,1.0,0,aligned
dbtfund,2011,1.0,0,aligned
dbtfund,2012,1.0,0,aligned
dbtfund,2013,1.0,0,aligned
dbtfund,2014,1.0,0,aligned
dbtfund,2015,1.0,0,aligned
dbtfund,2016,1.0,0,aligned
dbtfund,2017,1.0,0,aligned
dbtfund,2018,1.0,0,aligned
dbtfund,2019,1.0,0,aligned
dbtfund,2020,1.0,0,aligned
dbtfund,2021,1.0,0,aligned
dbtfund,2022,1.0,0,aligned
dbtfund,2023,1.0,0,aligned
dbtfund,2024,1.0,0,aligned
dbtfund,2025,1.0,0,aligned
